{"cameraMode":{"drawMode":0,"name":"Shaded","section":"Shading Mode"},"sceneLighting":false,"audioPlay":false,"sceneViewState":{"showFog":true,"showMaterialUpdate":false,"showSkybox":true,"showFlares":true,"showImageEffects":true,"showParticleSystems":true},"in2DMode":false,"pivot":{"x":701.25,"y":3.380000114440918,"z":-1141.8699951171875},"rotation":{"x":-0.10860581696033478,"y":0.1328907608985901,"z":-0.014651869423687458,"w":-0.9850576519966126},"size":12.751021385192871,"orthographic":false}