{"cameraMode":{"drawMode":0,"name":"Shaded","section":"Shading Mode"},"sceneLighting":true,"audioPlay":false,"sceneViewState":{"showFog":true,"showMaterialUpdate":false,"showSkybox":true,"showFlares":true,"showImageEffects":true,"showParticleSystems":true},"in2DMode":false,"pivot":{"x":2.7133445739746095,"y":2.8160476684570314,"z":-2.36491060256958},"rotation":{"x":-0.013801295310258866,"y":0.038713399320840839,"z":-0.0005349050625227392,"w":-0.9991549253463745},"size":5.764766216278076,"orthographic":false}