{"cameraMode":{"drawMode":0,"name":"Shaded","section":"Shading Mode"},"sceneLighting":false,"audioPlay":false,"sceneViewState":{"showFog":true,"showMaterialUpdate":false,"showSkybox":false,"showFlares":true,"showImageEffects":true,"showParticleSystems":true},"in2DMode":false,"pivot":{"x":-0.24190497398376466,"y":0.5600000023841858,"z":3.23799991607666},"rotation":{"x":-0.09376906603574753,"y":0.680719792842865,"z":-0.0885176733136177,"w":-0.7211050391197205},"size":2.8578836917877199,"orthographic":false}