{"cameraMode":{"drawMode":0,"name":"Shaded","section":"Shading Mode"},"sceneLighting":false,"audioPlay":false,"sceneViewState":{"showFog":false,"showMaterialUpdate":false,"showSkybox":false,"showFlares":false,"showImageEffects":false,"showParticleSystems":false},"in2DMode":false,"pivot":{"x":3.5840330123901369,"y":17.67127227783203,"z":0.3801576495170593},"rotation":{"x":0.06925355643033982,"y":-0.004493760410696268,"z":0.0003119592147413641,"w":0.9975910782814026},"size":4.5526628494262699,"orthographic":false}