{"cameraMode":{"drawMode":0,"name":"Shaded","section":"Shading Mode"},"sceneLighting":false,"audioPlay":false,"sceneViewState":{"showFog":true,"showMaterialUpdate":false,"showSkybox":true,"showFlares":true,"showImageEffects":true,"showParticleSystems":true},"in2DMode":false,"pivot":{"x":0.3260596692562103,"y":1.1065820455551148,"z":-7.4811177253723148},"rotation":{"x":0.019181054085493089,"y":0.029087767004966737,"z":0.000558720959816128,"w":-0.9993943572044373},"size":2.024146795272827,"orthographic":false}